#{"t_start": 1658248344.2349591, "env_id": "PandaPickAndPlaceDepthDense-v1"}
r,l,t
-6.43157,14,30.349938
-8.02452,17,62.047417
