#{"t_start": 1658248344.3626904, "env_id": "PandaPickAndPlaceDepthDense-v1"}
r,l,t
-12.860319,24,47.91045
-8.169531,17,79.297249
