#{"t_start": 1658248344.585048, "env_id": "PandaPickAndPlaceDepthDense-v1"}
r,l,t
-11.63918,21,42.19158
-11.461112,23,85.472272
